{
  "target": "CxC",
  "polarity": "OB",
  "sectors": {
    "S1": {
      "sector": 1,
      "mu_poly_coeffs": {
        "p3": {
          "value": 1.3867056006143758e-05,
          "error": 2.1331460292119025e-05
        },
        "p2": {
          "value": -0.0006473611752071138,
          "error": 0.0003531014415942684
        },
        "p1": {
          "value": 0.004850482199188823,
          "error": 0.0017534328885636362
        },
        "p0": {
          "value": 0.2297163771413505,
          "error": 0.00249662198581478
        }
      },
      "mu_cov_matrix": [
        [
          4.5503119819425066e-10,
          -7.461669103039804e-09,
          3.564979189062213e-08,
          -4.568688976261749e-08
        ],
        [
          -7.461669103039824e-09,
          1.2468062805595053e-07,
          -6.096197678075683e-07,
          8.022656623735749e-07
        ],
        [
          3.564979189062235e-08,
          -6.096197678075703e-07,
          3.074526894696617e-06,
          -4.216631553216218e-06
        ],
        [
          -4.5686889762618e-08,
          8.022656623735814e-07,
          -4.216631553216237e-06,
          6.233121340053735e-06
        ]
      ],
      "sigma_poly_coeffs": {
        "p3": {
          "value": -9.444167919791148e-06,
          "error": 6.398181536383647e-06
        },
        "p2": {
          "value": 0.00024811870963040503,
          "error": 0.00010605705503320883
        },
        "p1": {
          "value": -0.0028044977337964706,
          "error": 0.0005276716000099771
        },
        "p0": {
          "value": 0.021600268103287995,
          "error": 0.000754162981677555
        }
      },
      "sigma_cov_matrix": [
        [
          4.0936726972520615e-11,
          -6.721917105098285e-10,
          3.217257736003811e-09,
          -4.135419754587668e-09
        ],
        [
          -6.72191710509828e-10,
          1.1248098922317087e-08,
          -5.509950318384663e-08,
          7.274553151516368e-08
        ],
        [
          3.217257736003803e-09,
          -5.509950318384655e-08,
          2.784373174570893e-07,
          -3.8322663127951434e-07
        ],
        [
          -4.135419754587649e-09,
          7.274553151516344e-08,
          -3.8322663127951365e-07,
          5.687618029327801e-07
        ]
      ],
      "p_range": {
        "min": 0.77,
        "max": 10.89
      },
      "n_slices_fitted": 47
    },
    "S2": {
      "sector": 2,
      "mu_poly_coeffs": {
        "p3": {
          "value": -9.74536929474968e-06,
          "error": 2.3058847349650253e-05
        },
        "p2": {
          "value": -0.00040579493973643495,
          "error": 0.000381661832677127
        },
        "p1": {
          "value": 0.0054449453299710735,
          "error": 0.0018901827623899687
        },
        "p0": {
          "value": 0.2284924165722865,
          "error": 0.002657601796580442
        }
      },
      "mu_cov_matrix": [
        [
          5.317104410944725e-10,
          -8.718501456171953e-09,
          4.157556035779139e-08,
          -5.284419968276828e-08
        ],
        [
          -8.71850145617193e-09,
          1.4566575452246327e-07,
          -7.106104063508719e-07,
          9.26374006662778e-07
        ],
        [
          4.157556035779113e-08,
          -7.106104063508695e-07,
          3.572790875236173e-06,
          -4.844798825636603e-06
        ],
        [
          -5.284419968276769e-08,
          9.263740066627704e-07,
          -4.844798825636581e-06,
          7.062847309187594e-06
        ]
      ],
      "sigma_poly_coeffs": {
        "p3": {
          "value": -4.8209417993215434e-06,
          "error": 5.5370779334678665e-06
        },
        "p2": {
          "value": 0.00016816110575098084,
          "error": 9.189914995348708e-05
        },
        "p1": {
          "value": -0.0023012497774864845,
          "error": 0.0004562680585506651
        },
        "p0": {
          "value": 0.02097248418689893,
          "error": 0.0006419965169862746
        }
      },
      "sigma_cov_matrix": [
        [
          3.0659232041296776e-11,
          -5.041256779866134e-10,
          2.4106993565516155e-09,
          -3.067404249863482e-09
        ],
        [
          -5.041256779866129e-10,
          8.445453762173505e-09,
          -4.130808438773985e-08,
          5.3899761088417395e-08
        ],
        [
          2.4106993565516127e-09,
          -4.130808438773982e-08,
          2.0818054125359315e-07,
          -2.8249964903431404e-07
        ],
        [
          -3.067404249863476e-09,
          5.389976108841733e-08,
          -2.8249964903431393e-07,
          4.12159527822508e-07
        ]
      ],
      "p_range": {
        "min": 0.77,
        "max": 10.89
      },
      "n_slices_fitted": 47
    },
    "S3": {
      "sector": 3,
      "mu_poly_coeffs": {
        "p3": {
          "value": 3.5202137114302e-05,
          "error": 1.7078700872681762e-05
        },
        "p2": {
          "value": -0.0012107285701610203,
          "error": 0.00028325164602477365
        },
        "p1": {
          "value": 0.008799251289662835,
          "error": 0.0014104996908106163
        },
        "p0": {
          "value": 0.22578309358813814,
          "error": 0.0020154284107250773
        }
      },
      "mu_cov_matrix": [
        [
          2.916820234985408e-10,
          -4.792842793062448e-09,
          2.2977375687025702e-08,
          -2.9563924191268253e-08
        ],
        [
          -4.79284279306245e-09,
          8.023149497574367e-08,
          -3.934887772692637e-07,
          5.198089292448582e-07
        ],
        [
          2.2977375687025712e-08,
          -3.934887772692637e-07,
          1.9895093777768446e-06,
          -2.738276526030869e-06
        ],
        [
          -2.9563924191268316e-08,
          5.198089292448591e-07,
          -2.7382765260308713e-06,
          4.061951678757811e-06
        ]
      ],
      "sigma_poly_coeffs": {
        "p3": {
          "value": -1.5176979109340049e-05,
          "error": 5.742053428847319e-06
        },
        "p2": {
          "value": 0.0004048260815249086,
          "error": 9.529649700879514e-05
        },
        "p1": {
          "value": -0.0039742495487610574,
          "error": 0.0004751022472580736
        },
        "p0": {
          "value": 0.023644663024820545,
          "error": 0.0006801190676922613
        }
      },
      "sigma_cov_matrix": [
        [
          3.297117757973725e-11,
          -5.421342157764701e-10,
          2.602252533911778e-09,
          -3.3560669501174483e-09
        ],
        [
          -5.421342157764695e-10,
          9.0814223421473e-09,
          -4.459314929807803e-08,
          5.904331699405028e-08
        ],
        [
          2.6022525339117682e-09,
          -4.459314929807794e-08,
          2.2572214534967168e-07,
          -3.1132872561097996e-07
        ],
        [
          -3.356066950117423e-09,
          5.904331699404993e-08,
          -3.113287256109789e-07,
          4.625619462385907e-07
        ]
      ],
      "p_range": {
        "min": 0.77,
        "max": 10.89
      },
      "n_slices_fitted": 47
    },
    "S4": {
      "sector": 4,
      "mu_poly_coeffs": {
        "p3": {
          "value": -1.291518402076205e-05,
          "error": 2.1206396102360797e-05
        },
        "p2": {
          "value": -0.0003194709545149097,
          "error": 0.0003481537246409104
        },
        "p1": {
          "value": 0.004774422082927989,
          "error": 0.0017106425037012945
        },
        "p0": {
          "value": 0.22902730302703675,
          "error": 0.002393583660880903
        }
      },