{
  "target": "CxC",
  "polarity": "IB",
  "sectors": {
    "S1": {
      "sector": 1,
      "mu_poly_coeffs": {
        "p3": {
          "value": 4.965863004174402e-06,
          "error": 1.7390308996322613e-05
        },
        "p2": {
          "value": -0.000545163098873946,
          "error": 0.0002904436548885634
        },
        "p1": {
          "value": 0.004309931938726974,
          "error": 0.0014670651374395828
        },
        "p0": {
          "value": 0.23110885936526837,
          "error": 0.002168861049007027
        }
      },
      "mu_cov_matrix": [
        [
          3.024228469875792e-10,
          -5.004175900235834e-09,
          2.4324990238045125e-08,
          -3.229169512752702e-08
        ],
        [
          -5.004175900235833e-09,
          8.435751666502691e-08,
          -4.195725188204326e-07,
          5.726020276747972e-07
        ],
        [
          2.43249902380451e-08,
          -4.1957251882043237e-07,
          2.152280117490622e-06,
          -3.0647460515413785e-06
        ],
        [
          -3.229169512752692e-08,
          5.726020276747955e-07,
          -3.064746051541372e-06,
          4.703958249899862e-06
        ]
      ],
      "sigma_poly_coeffs": {
        "p3": {
          "value": -1.1302709465851083e-05,
          "error": 5.763325245950122e-06
        },
        "p2": {
          "value": 0.00028871369955209725,
          "error": 9.599966526727153e-05
        },
        "p1": {
          "value": -0.003117218962820715,
          "error": 0.00048327016112857717
        },
        "p0": {
          "value": 0.02235234854856825,
          "error": 0.0007114435908191946
        }
      },
      "sigma_cov_matrix": [
        [
          3.3215917890606035e-11,
          -5.481318822858465e-10,
          2.6550024698381308e-09,
          -3.5052656557911755e-09
        ],
        [
          -5.481318822858471e-10,
          9.21593573142818e-09,
          -4.567953034672135e-08,
          6.201286294628716e-08
        ],
        [
          2.65500246983814e-09,
          -4.567953034672143e-08,
          2.3355004863724092e-07,
          -3.3096822123353583e-07
        ],
        [
          -3.505265655791192e-09,
          6.201286294628737e-08,
          -3.3096822123353626e-07,
          5.061519829177097e-07
        ]
      ],
      "p_range": {
        "min": 0.33,
        "max": 10.89
      },
      "n_slices_fitted": 49
    },
    "S2": {
      "sector": 2,
      "mu_poly_coeffs": {
        "p3": {
          "value": -2.1951173222154926e-05,
          "error": 2.141183017967832e-05
        },
        "p2": {
          "value": -0.0001672262208061155,
          "error": 0.00035602654305673484
        },
        "p1": {
          "value": 0.003585739389483375,
          "error": 0.001786439059513656
        },
        "p0": {
          "value": 0.23043367994851038,
          "error": 0.0026057667909342606
        }
      },
      "mu_cov_matrix": [
        [
          4.584664716433833e-10,
          -7.552803255412174e-09,
          3.648869363502208e-08,
          -4.786892817818133e-08
        ],
        [
          -7.552803255412174e-09,
          1.2675489936092908e-07,
          -6.264275082943198e-07,
          8.443156721131449e-07
        ],
        [
          3.6488693635022124e-08,
          -6.264275082943202e-07,
          3.1913645133560363e-06,
          -4.484523439089247e-06
        ],
        [
          -4.786892817818141e-08,
          8.44315672113146e-07,
          -4.48452343908925e-06,
          6.790020568735836e-06
        ]
      ],
      "sigma_poly_coeffs": {
        "p3": {
          "value": -1.7158826957646848e-09,
          "error": 6.170713254981132e-06
        },
        "p2": {
          "value": 0.00013020088591651787,
          "error": 0.00010246889987578479
        },
        "p1": {
          "value": -0.0024279680056986334,
          "error": 0.0005132158278699471
        },
        "p0": {
          "value": 0.021701083205547325,
          "error": 0.0007460646692803419
        }
      },
      "sigma_cov_matrix": [
        [
          3.8077702075199834e-11,
          -6.264345728359701e-10,
          3.020228776464346e-09,
          -3.945696593315883e-09
        ],
        [
          -6.264345728359725e-10,
          1.0499875441753607e-08,
          -5.179143243588412e-08,
          6.952429668542481e-08
        ],
        [
          3.0202287764643765e-09,
          -5.179143243588443e-08,
          2.6339048597623516e-07,
          -3.687199059882724e-07
        ],
        [
          -3.945696593315962e-09,
          6.952429668542586e-08,
          -3.687199059882756e-07,
          5.56612490748386e-07
        ]
      ],
      "p_range": {
        "min": 0.33,
        "max": 10.89
      },
      "n_slices_fitted": 49
    },
    "S3": {
      "sector": 3,
      "mu_poly_coeffs": {
        "p3": {
          "value": 3.0512774785738254e-05,
          "error": 1.4217443216994096e-05
        },
        "p2": {
          "value": -0.0011714044567576259,
          "error": 0.0002386406957294502
        },
        "p1": {
          "value": 0.008797523209812122,
          "error": 0.001214085329594689
        },
        "p0": {
          "value": 0.22691237157305302,
          "error": 0.0018128506439710657
        }
      },
      "mu_cov_matrix": [
        [
          2.0213569162845141e-10,
          -3.3616746232225918e-09,
          1.646416765655513e-08,
          -2.2098554325570816e-08
        ],
        [
          -3.3616746232225955e-09,
          5.6949381658236035e-08,
          -2.853388436602103e-07,
          3.9367517731984154e-07
        ],
        [
          1.6464167656555157e-08,
          -2.853388436602105e-07,
          1.4740031875370445e-06,
          -2.1210660469519615e-06
        ],
        [
          -2.209855432557086e-08,
          3.936751773198419e-07,
          -2.1210660469519615e-06,
          3.2864274573463077e-06
        ]
      ],
      "sigma_poly_coeffs": {
        "p3": {
          "value": -1.983061520960445e-05,
          "error": 5.489602718148709e-06
        },
        "p2": {
          "value": 0.000474296117335234,
          "error": 9.222812687481507e-05
        },
        "p1": {
          "value": -0.004301976821321411,
          "error": 0.00047004501197575675
        },
        "p0": {
          "value": 0.024234758799412608,
          "error": 0.0007033296069532045
        }
      },
      "sigma_cov_matrix": [
        [
          3.0135738003105695e-11,
          -5.01623348768261e-10,
          2.461134651794992e-09,
          -3.3120023342747854e-09
        ],
        [
          -5.016233487682636e-10,
          8.506027386836985e-09,
          -4.2695807721315796e-08,
          5.9056735157190894e-08
        ],
        [
          2.461134651795025e-09,
          -4.2695807721316114e-08,
          2.209423132832893e-07,
          -3.186760651748764e-07
        ],
        [
          -3.3120023342748727e-09,
          5.905673515719206e-08,
          -3.1867606517488e-07,
          4.946725360169492e-07
        ]
      ],
      "p_range": {
        "min": 0.33,
        "max": 10.89
      },
      "n_slices_fitted": 49
    },
    "S4": {
      "sector": 4,
      "mu_poly_coeffs": {
        "p3": {
          "value": 1.5571780331699553e-05,
          "error": 1.6728441448998938e-05
        },
        "p2": {
          "value": -0.000802247276701933,
          "error": 0.00027945587308002154
        },
        "p1": {
          "value": 0.006786451503657881,
          "error": 0.0014120958494581995
        },
        "p0": {
          "value": 0.22888712189293423,
          "error": 0.0020886615145789757
        }
      },