{
  "target": "CuSn",
  "polarity": "IB",
  "sectors": {
    "S1": {
      "sector": 1,
      "mu_poly_coeffs": {
        "p3": {
          "value": 4.966679653991005e-06,
          "error": 1.7390187277980458e-05
        },
        "p2": {
          "value": -0.0005451781310904152,
          "error": 0.00029044178878211976
        },
        "p1": {
          "value": 0.0043100168179728586,
          "error": 0.0014670567838540626
        },
        "p0": {
          "value": 0.2311087179465458,
          "error": 0.0021688509048273003
        }
      },
      "mu_cov_matrix": [
        [
          3.024186135632334e-10,
          -5.004108959859301e-09,
          2.432468657535128e-08,
          -3.229134440250242e-08
        ],
        [
          -5.004108959859349e-09,
          8.435643267095745e-08,
          -4.1956746071110644e-07,
          5.725959770313533e-07
        ],
        [
          2.4324686575351845e-08,
          -4.1956746071111205e-07,
          2.152255607052226e-06,
          -3.0647150314754435e-06
        ],
        [
          -3.2291344402503834e-08,
          5.725959770313719e-07,
          -3.064715031475498e-06,
          4.703914247370199e-06
        ]
      ],
      "sigma_poly_coeffs": {
        "p3": {
          "value": -1.1303789984464907e-05,
          "error": 5.7632187922362355e-06
        },
        "p2": {
          "value": 0.00028873151663735326,
          "error": 9.599797226072155e-05
        },
        "p1": {
          "value": -0.003117309534690043,
          "error": 0.0004832621573413215
        },
        "p0": {
          "value": 0.02235247358849492,
          "error": 0.0007114328924354239
        }
      },
      "sigma_cov_matrix": [
        [
          3.32146908471849e-11,
          -5.481121292055025e-10,
          2.6549102688758496e-09,
          -3.505152377321895e-09
        ],
        [
          -5.481121292055036e-10,
          9.215610678170265e-09,
          -4.567797246747026e-08,
          6.201088547201245e-08
        ],
        [
          2.6549102688758674e-09,
          -4.5677972467470434e-08,
          2.3354231271818815e-07,
          -3.309578849920259e-07
        ],
        [
          -3.5051523773219423e-09,
          6.201088547201309e-08,
          -3.3095788499202783e-07,
          5.061367604390334e-07
        ]
      ],
      "p_range": {
        "min": 0.33,
        "max": 10.89
      },
      "n_slices_fitted": 49
    },
    "S2": {
      "sector": 2,
      "mu_poly_coeffs": {
        "p3": {
          "value": -2.195130919313485e-05,
          "error": 2.1411984876737966e-05
        },
        "p2": {
          "value": -0.00016722241437184404,
          "error": 0.0003560289692405653
        },
        "p1": {
          "value": 0.0035857079237389066,
          "error": 0.0017864501477193261
        },
        "p0": {
          "value": 0.2304337498973993,
          "error": 0.0026057819176588106
        }
      },
      "mu_cov_matrix": [
        [
          4.584730963616554e-10,
          -7.552909211860831e-09,
          3.64891793393661e-08,
          -4.786953293706812e-08
        ],
        [
          -7.552909211860833e-09,
          1.267566269384994e-07,
          -6.264356310470562e-07,
          8.443261083191831e-07
        ],
        [
          3.648917933936613e-08,
          -6.264356310470565e-07,
          3.1914041302864017e-06,
          -4.484576961359826e-06
        ],
        [
          -4.786953293706822e-08,
          8.443261083191845e-07,
          -4.4845769613598314e-06,
          6.7900994023976275e-06
        ]
      ],
      "sigma_poly_coeffs": {
        "p3": {
          "value": -3.4524083111877633e-09,
          "error": 6.170886046085706e-06
        },
        "p2": {
          "value": 0.0001302294332851801,
          "error": 0.0001024717064331105
        },
        "p1": {
          "value": -0.002428101368267948,
          "error": 0.0005132294079546132
        },
        "p0": {
          "value": 0.02170125976981053,
          "error": 0.0007460839534756191
        }
      },
      "sigma_cov_matrix": [
        [
          3.8079834593775286e-11,
          -6.264692666479675e-10,
          3.02039280216047e-09,
          -3.945907016643891e-09
        ],
        [
          -6.264692666479665e-10,
          1.0500450619313578e-08,
          -5.179421752238026e-08,
          6.952797375637134e-08
        ],
        [
          3.020392802160461e-09,
          -5.179421752238019e-08,
          2.634044251894428e-07,
          -3.687391569542662e-07
        ],
        [
          -3.9459070166438686e-09,
          6.952797375637105e-08,
          -3.6873915695426543e-07,
          5.566412656338098e-07
        ]
      ],
      "p_range": {
        "min": 0.33,
        "max": 10.89
      },
      "n_slices_fitted": 49
    },
    "S3": {
      "sector": 3,
      "mu_poly_coeffs": {
        "p3": {
          "value": 3.0513372183745195e-05,
          "error": 1.4217326536726587e-05
        },
        "p2": {
          "value": -0.0011714140969641934,
          "error": 0.00023863877443794878
        },
        "p1": {
          "value": 0.008797570341476508,
          "error": 0.001214075592940713
        },
        "p0": {
          "value": 0.22691230199239198,
          "error": 0.001812835379734284
        }
      },
      "mu_cov_matrix": [
        [
          2.0213237385191003e-10,
          -3.361620086489831e-09,
          1.646390338258065e-08,
          -2.2098200831366628e-08
        ],
        [
          -3.3616200864898272e-09,
          5.694846466524619e-08,
          -2.8533427427938314e-07,
          3.936688440931296e-07
        ],
        [
          1.6463903382580612e-08,
          -2.853342742793828e-07,
          1.4739795453743437e-06,
          -2.121031479344759e-06
        ],
        [
          -2.2098200831366515e-08,
          3.9366884409312804e-07,
          -2.121031479344754e-06,
          3.286372114016346e-06
        ]
      ],
      "sigma_poly_coeffs": {
        "p3": {
          "value": -1.9830713372253696e-05,
          "error": 5.489536030019067e-06
        },
        "p2": {
          "value": 0.00047429627439371334,
          "error": 9.222701498091089e-05
        },
        "p1": {
          "value": -0.004301968814614901,
          "error": 0.0004700392782942725
        },
        "p0": {
          "value": 0.02423472319993771,
          "error": 0.0007033205251751079
        }
      },
      "sigma_cov_matrix": [
        [
          3.01350058248775e-11,
          -5.016112334174513e-10,
          2.4610752996931657e-09,
          -3.3119216891132857e-09
        ],
        [
          -5.01611233417449e-10,
          8.505822292289161e-09,
          -4.269477505367959e-08,
          5.905528410222101e-08
        ],
        [
          2.4610752996931405e-09,
          -4.2694775053679354e-08,
          2.2093692313940058e-07,
          -3.186681059283005e-07
        ],
        [
          -3.3119216891132183e-09,
          5.9055284102220114e-08,
          -3.186681059282978e-07,
          4.946597611325896e-07
        ]
      ],
      "p_range": {
        "min": 0.33,
        "max": 10.89
      },
      "n_slices_fitted": 49
    },
    "S4": {
      "sector": 4,
      "mu_poly_coeffs": {
        "p3": {
          "value": 1.557284520971903e-05,
          "error": 1.672849271810997e-05
        },
        "p2": {
          "value": -0.0008022665232680965,
          "error": 0.0002794565404440445
        },
        "p1": {
          "value": 0.0067865545293271014,
          "error": 0.0014120979890899664
        },
        "p0": {
          "value": 0.2288869639377709,
          "error": 0.0020886624946404634
        }
      },