{
  "target": "CuSn",
  "polarity": "OB",
  "sectors": {
    "S1": {
      "sector": 1,
      "mu_poly_coeffs": {
        "p3": {
          "value": 1.898324514513044e-06,
          "error": 1.8032933565028823e-05
        },
        "p2": {
          "value": -0.0004894629449247571,
          "error": 0.0003033965856049308
        },
        "p1": {
          "value": 0.003994131012747013,
          "error": 0.0015467030599218897
        },
        "p0": {
          "value": 0.23207068118582544,
          "error": 0.0023119933304668414
        }
      },
      "mu_cov_matrix": [
        [
          3.2518669296074316e-10,
          -5.420639723876341e-09,
          2.659469679151021e-08,
          -3.5737782197252945e-08
        ],
        [
          -5.420639723876322e-09,
          9.204948815673012e-08,
          -4.620945071178335e-07,
          6.382952441986404e-07
        ],
        [
          2.659469679150997e-08,
          -4.620945071178311e-07,
          2.3922903555717364e-06,
          -3.4465108903546953e-06
        ],
        [
          -3.57377821972523e-08,
          6.382952441986319e-07,
          -3.446510890354669e-06,
          5.3453131601231575e-06
        ]
      ],
      "sigma_poly_coeffs": {
        "p3": {
          "value": -1.2341506880369735e-05,
          "error": 5.550819536420126e-06
        },
        "p2": {
          "value": 0.00031366283229608555,
          "error": 9.360315641417311e-05
        },
        "p1": {
          "value": -0.0032776303181397083,
          "error": 0.00047861995589684346
        },
        "p0": {
          "value": 0.0224182005124429,
          "error": 0.0007179186842798984
        }
      },
      "sigma_cov_matrix": [
        [
          3.081159752590334e-11,
          -5.147471757691815e-10,
          2.5325185135124716e-09,
          -3.415165162588001e-09
        ],
        [
          -5.147471757691818e-10,
          8.761550890696157e-09,
          -4.411311162669264e-08,
          6.115285178863493e-08
        ],
        [
          2.532518513512474e-09,
          -4.4113111626692664e-08,
          2.2907706218269637e-07,
          -3.312091613770212e-07
        ],
        [
          -3.415165162588009e-09,
          6.115285178863506e-08,
          -3.312091613770217e-07,
          5.154072372381803e-07
        ]
      ],
      "p_range": {
        "min": 0.77,
        "max": 10.89
      },
      "n_slices_fitted": 47
    },
    "S2": {
      "sector": 2,
      "mu_poly_coeffs": {
        "p3": {
          "value": -2.212722698929444e-05,
          "error": 2.1784329940465005e-05
        },
        "p2": {
          "value": -0.00015671722315462549,
          "error": 0.0003637201517804365
        },
        "p1": {
          "value": 0.003476049752745757,
          "error": 0.0018336901988722056
        },
        "p0": {
          "value": 0.23020777767131204,
          "error": 0.0026925919379087167
        }
      },
      "mu_cov_matrix": [
        [
          4.745570309550401e-10,
          -7.852094877544814e-09,
          3.8140323444301355e-08,
          -5.044851410626812e-08
        ],
        [
          -7.852094877544818e-09,
          1.3229234881118378e-07,
          -6.570480372494028e-07,
          8.925621066108648e-07
        ],
        [
          3.814032344430142e-08,
          -6.570480372494036e-07,
          3.362419745439989e-06,
          -4.75949657896626e-06
        ],
        [
          -5.044851410626828e-08,
          8.925621066108666e-07,
          -4.759496578966265e-06,
          7.250051344091018e-06
        ]
      ],
      "sigma_poly_coeffs": {
        "p3": {
          "value": 1.855098327279021e-06,
          "error": 5.673008736047447e-06
        },
        "p2": {
          "value": 0.00010750997044833324,
          "error": 9.45913559994118e-05
        },
        "p1": {
          "value": -0.0023544029055700983,
          "error": 0.0004758867835316022
        },
        "p0": {
          "value": 0.02141103460250233,
          "error": 0.0006972842926078953
        }
      },
      "sigma_cov_matrix": [
        [
          3.2183028119270645e-11,
          -5.318280817998107e-10,
          2.5780370686597833e-09,
          -3.401790081025035e-09
        ],
        [
          -5.318280817998092e-10,
          8.947524629807459e-09,
          -4.434571871526388e-08,
          6.009619247049968e-08
        ],
        [
          2.5780370686597617e-09,
          -4.434571871526365e-08,
          2.26468230740054e-07,
          -3.1983264968687395e-07
        ],
        [
          -3.4017900810249753e-09,
          6.009619247049887e-08,
          -3.1983264968687146e-07,
          4.86205384717693e-07
        ]
      ],
      "p_range": {
        "min": 0.77,
        "max": 10.89
      },
      "n_slices_fitted": 47
    },
    "S3": {
      "sector": 3,
      "mu_poly_coeffs": {
        "p3": {
          "value": 3.0712725575101215e-05,
          "error": 1.4789959168893784e-05
        },
        "p2": {
          "value": -0.0011795777602625454,
          "error": 0.00024848083507922184
        },
        "p1": {
          "value": 0.008877708036098317,
          "error": 0.0012647608712817652
        },
        "p0": {
          "value": 0.22681066394207428,
          "error": 0.0018923782293532596
        }
      },
      "mu_cov_matrix": [
        [
          2.187428922175453e-10,
          -3.641811523764212e-09,
          1.7846007440514802e-08,
          -2.399363155415621e-08
        ],
        [
          -3.6418115237642165e-09,
          6.174272540166745e-08,
          -3.0948945067476976e-07,
          4.277382869345037e-07
        ],
        [
          1.7846007440514895e-08,
          -3.094894506747707e-07,
          1.5996200615254098e-06,
          -2.306363147173228e-06
        ],
        [
          -2.3993631554156434e-08,
          4.277382869345066e-07,
          -2.3063631471732363e-06,
          3.5810953629301784e-06
        ]
      ],
      "sigma_poly_coeffs": {
        "p3": {
          "value": -1.7508135806197297e-05,
          "error": 5.339590715237702e-06
        },
        "p2": {
          "value": 0.00043720515516471135,
          "error": 8.967130756032434e-05
        },
        "p1": {
          "value": -0.004104492332976102,
          "error": 0.00045633567653902737
        },
        "p0": {
          "value": 0.02378784559830322,
          "error": 0.0006834050130142662
        }
      },
      "sigma_cov_matrix": [
        [
          2.8511229006252673e-11,
          -4.744846134672343e-10,
          2.324307403608945e-09,
          -3.127950860688321e-09
        ],
        [
          -4.744846134672304e-10,
          8.040943399578281e-09,
          -4.029472632753618e-08,
          5.574641300379838e-08
        ],
        [
          2.3243074036088987e-09,
          -4.0294726327535726e-08,
          2.0824224968233183e-07,
          -3.0056434047716707e-07
        ],
        [
          -3.127950860688206e-09,
          5.574641300379689e-08,
          -3.0056434047716273e-07,
          4.6704241181302933e-07
        ]
      ],
      "p_range": {
        "min": 0.77,
        "max": 10.89
      },
      "n_slices_fitted": 47
    },
    "S4": {
      "sector": 4,
      "mu_poly_coeffs": {
        "p3": {
          "value": 1.459749032226449e-05,
          "error": 1.7052107171869404e-05
        },
        "p2": {
          "value": -0.0007847463321437587,
          "error": 0.0002856420755971731
        },
        "p1": {
          "value": 0.006702586925670247,
          "error": 0.0014461995845085882
        },
        "p0": {
          "value": 0.22900504280442308,
          "error": 0.002138500327595303
        }
      },