{
  "target": "LD2",
  "polarity": "OB",
  "sectors": {
    "S1": {
      "sector": 1,
      "mu_poly_coeffs": {
        "p3": {
          "value": 2.1658306722715215e-05,
          "error": 1.8112765047178717e-05
        },
        "p2": {
          "value": -0.0007956694341742627,
          "error": 0.0003024589349307789
        },
        "p1": {
          "value": 0.0057416074885281295,
          "error": 0.0015206168212014563
        },
        "p0": {
          "value": 0.22848171309438697,
          "error": 0.002208265921844344
        }
      },
      "mu_cov_matrix": [
        [
          3.2807225765429903e-10,
          -5.427406512402263e-09,
          2.625511142954012e-08,
          -3.434226166290263e-08
        ],
        [
          -5.4274065124022516e-09,
          9.148140731946115e-08,
          -4.528708940051673e-07,
          6.083784484151905e-07
        ],
        [
          2.6255111429539955e-08,
          -4.5287089400516554e-07,
          2.312275516920822e-06,
          -3.23678277393136e-06
        ],
        [
          -3.434226166290217e-08,
          6.083784484151841e-07,
          -3.23678277393134e-06,
          4.876438381579049e-06
        ]
      ],
      "sigma_poly_coeffs": {
        "p3": {
          "value": -1.5645062670147263e-05,
          "error": 7.2460045816647304e-06
        },
        "p2": {
          "value": 0.00036443448806087266,
          "error": 0.0001210965745081719
        },
        "p1": {
          "value": -0.00347809670076928,
          "error": 0.0006095106904898725
        },
        "p0": {
          "value": 0.022784003047682983,
          "error": 0.000887289282298156
        }
      },
      "sigma_cov_matrix": [
        [
          5.2504582397506266e-11,
          -8.692484382882838e-10,
          4.208678587192854e-09,
          -5.517444858399767e-09
        ],
        [
          -8.692484382882848e-10,
          1.466438035761323e-08,
          -7.26701554643115e-08,
          9.785667785466783e-08
        ],
        [
          4.208678587192858e-09,
          -7.26701554643115e-08,
          3.7150328182144107e-07,
          -5.213450936500091e-07
        ],
        [
          -5.517444858399769e-09,
          9.78566778546678e-08,
          -5.213450936500089e-07,
          7.872822704811767e-07
        ]
      ],
      "p_range": {
        "min": 0.77,
        "max": 10.89
      },
      "n_slices_fitted": 47
    },
    "S2": {
      "sector": 2,
      "mu_poly_coeffs": {
        "p3": {
          "value": -1.4321909236892708e-06,
          "error": 1.923741202735914e-05
        },
        "p2": {
          "value": -0.0005379217486419111,
          "error": 0.00031952550599737375
        },
        "p1": {
          "value": 0.006035907454753908,
          "error": 0.0015936915104614777
        },
        "p0": {
          "value": 0.22723528459893788,
          "error": 0.0022813907955889735
        }
      },
      "mu_cov_matrix": [
        [
          3.7007802151038206e-10,
          -6.08949713100929e-09,
          2.9230681902390888e-08,
          -3.773444193009609e-08
        ],
        [
          -6.089497131009287e-09,
          1.0209654898287771e-07,
          -5.014722136685854e-07,
          6.645430794711535e-07
        ],
        [
          2.9230681902390858e-08,
          -5.014722136685851e-07,
          2.5398526305169865e-06,
          -3.5051536985169106e-06
        ],
        [
          -3.7734441930096066e-08,
          6.645430794711535e-07,
          -3.505153698516912e-06,
          5.204743962198089e-06
        ]
      ],
      "sigma_poly_coeffs": {
        "p3": {
          "value": -1.0218925122970244e-05,
          "error": 6.620307942805861e-06
        },
        "p2": {
          "value": 0.0002810789264881004,
          "error": 0.00010994113974798517
        },
        "p1": {
          "value": -0.0029924099897455985,
          "error": 0.0005483380257796761
        },
        "p0": {
          "value": 0.02214450106974773,
          "error": 0.0007850986806797379
        }
      },
      "sigma_cov_matrix": [
        [
          4.382847725757838e-11,
          -7.2101394016974e-10,
          3.459959865290054e-09,
          -4.464525133015178e-09
        ],
        [
          -7.210139401697367e-10,
          1.2087054209086003e-08,
          -5.936046276826517e-08,
          7.864232476078483e-08
        ],
        [
          3.459959865290013e-09,
          -5.9360462768264784e-08,
          3.006745905159528e-07,
          -4.1494329840005804e-07
        ],
        [
          -4.464525133015091e-09,
          7.864232476078377e-08,
          -4.1494329840005534e-07,
          6.16379938405065e-07
        ]
      ],
      "p_range": {
        "min": 0.77,
        "max": 10.89
      },
      "n_slices_fitted": 47
    },
    "S3": {
      "sector": 3,
      "mu_poly_coeffs": {
        "p3": {
          "value": 4.146475618669381e-05,
          "error": 1.4358430984707018e-05
        },
        "p2": {
          "value": -0.0013319279463029174,
          "error": 0.00024007775928066682
        },
        "p1": {
          "value": 0.009544561874341384,
          "error": 0.001208701622551623
        },
        "p0": {
          "value": 0.22482224642779647,
          "error": 0.0017602109556391385
        }
      },
      "mu_cov_matrix": [
        [
          2.0616454034259453e-10,
          -3.415421670272398e-09,
          1.655331846237046e-08,
          -2.1683784410798524e-08
        ],
        [
          -3.415421670272407e-09,
          5.76373305012258e-08,
          -2.857791429306268e-07,
          3.845365031900523e-07
        ],
        [
          1.6553318462370578e-08,
          -2.857791429306281e-07,
          1.460959612358926e-06,
          -2.049321602651948e-06
        ],
        [
          -2.168378441079881e-08,
          3.8453650319005603e-07,
          -2.0493216026519585e-06,
          3.0983426083520494e-06
        ]
      ],
      "sigma_poly_coeffs": {
        "p3": {
          "value": -2.0820454331715262e-05,
          "error": 6.2811044391208805e-06
        },
        "p2": {
          "value": 0.0005091026012659205,
          "error": 0.00010511572118732575
        },
        "p1": {
          "value": -0.00454726295527139,
          "error": 0.0005294836601687396
        },
        "p0": {
          "value": 0.024553636081921102,
          "error": 0.0007711840954283349
        }
      },
      "sigma_cov_matrix": [
        [
          3.9452272975144034e-11,
          -6.541849795879719e-10,
          3.1724173349300457e-09,
          -4.155289814491548e-09
        ],
        [
          -6.541849795879716e-10,
          1.1049314840731604e-08,
          -5.481344183899236e-08,
          7.374898315204149e-08
        ],
        [
          3.1724173349300473e-09,
          -5.4813441838992375e-08,
          2.803529463856853e-07,
          -3.932519951911389e-07
        ],
        [
          -4.155289814491552e-09,
          7.374898315204154e-08,
          -3.932519951911391e-07,
          5.947249090416192e-07
        ]
      ],
      "p_range": {
        "min": 0.77,
        "max": 10.89
      },
      "n_slices_fitted": 47
    },
    "S4": {
      "sector": 4,
      "mu_poly_coeffs": {
        "p3": {
          "value": 6.027434613895637e-06,
          "error": 1.5431635985494813e-05
        },
        "p2": {
          "value": -0.0006707264927053806,
          "error": 0.0002553506950087703
        },
        "p1": {
          "value": 0.006742875994395757,
          "error": 0.001271727407009051
        },
        "p0": {
          "value": 0.22627259932052338,
          "error": 0.001830362865361582
        }
      },