{
  "target": "LD2",
  "polarity": "IB",
  "sectors": {
    "S1": {
      "sector": 1,
      "mu_poly_coeffs": {
        "p3": {
          "value": 4.964925955368334e-06,
          "error": 1.7390263972771174e-05
        },
        "p2": {
          "value": -0.0005451468267290934,
          "error": 0.0002904429620585427
        },
        "p1": {
          "value": 0.004309849540131873,
          "error": 0.0014670619592813175
        },
        "p0": {
          "value": 0.23110896791078855,
          "error": 0.002168856704342942
        }
      },
      "mu_cov_matrix": [
        [
          3.02421281042663e-10,
          -5.004151032564285e-09,
          2.432487414843802e-08,
          -3.2291549975416005e-08
        ],
        [
          -5.004151032564321e-09,
          8.435711420934007e-08,
          -4.195706045639209e-07,
          5.72599563770717e-07
        ],
        [
          2.4324874148438458e-08,
          -4.195706045639252e-07,
          2.152270792370338e-06,
          -3.0647334573507316e-06
        ],
        [
          -3.229154997541719e-08,
          5.725995637707329e-07,
          -3.064733457350781e-06,
          4.703939403973328e-06
        ]
      ],
      "sigma_poly_coeffs": {
        "p3": {
          "value": -1.1303020035232921e-05,
          "error": 5.763367833169265e-06
        },
        "p2": {
          "value": 0.00028871630681964787,
          "error": 9.60004067116897e-05
        },
        "p1": {
          "value": -0.0031172190997742874,
          "error": 0.00048327407944021066
        },
        "p0": {
          "value": 0.02235234150159626,
          "error": 0.0007114496072680908
        }
      },
      "sigma_cov_matrix": [
        [
          3.3216408780410196e-11,
          -5.481401700912099e-10,
          2.6550435485905474e-09,
          -3.505321724891198e-09
        ],
        [
          -5.481401700912106e-10,
          9.216078088809837e-09,
          -4.568025281765893e-08,
          6.201387461991984e-08
        ],
        [
          2.6550435485905544e-09,
          -4.568025281765898e-08,
          2.3355383585878303e-07,
          -3.309737347966814e-07
        ],
        [
          -3.5053217248912086e-09,
          6.201387461991996e-08,
          -3.3097373479668155e-07,
          5.061605436819206e-07
        ]
      ],
      "p_range": {
        "min": 0.33,
        "max": 10.89
      },
      "n_slices_fitted": 49
    },
    "S2": {
      "sector": 2,
      "mu_poly_coeffs": {
        "p3": {
          "value": -2.1951660237665677e-05,
          "error": 2.1411945490790806e-05
        },
        "p2": {
          "value": -0.00016721833200006067,
          "error": 0.00035602841141371244
        },
        "p1": {
          "value": 0.0035857009126031613,
          "error": 0.0017864475486920259
        },
        "p0": {
          "value": 0.23043373296154315,
          "error": 0.002605777078051649
        }
      },
      "mu_cov_matrix": [
        [
          4.584714097005967e-10,
          -7.552883919965461e-09,
          3.648907124304405e-08,
          -4.786938816625315e-08
        ],
        [
          -7.55288391996546e-09,
          1.2675622973377168e-07,
          -6.264338067887075e-07,
          8.443234800501835e-07
        ],
        [
          3.6489071243044043e-08,
          -6.264338067887074e-07,
          3.191394844227748e-06,
          -4.484562273153883e-06
        ],
        [
          -4.78693881662531e-08,
          8.443234800501825e-07,
          -4.4845622731538805e-06,
          6.790074180499391e-06
        ]
      ],
      "sigma_poly_coeffs": {
        "p3": {
          "value": -2.3414534144797965e-09,
          "error": 6.170855453478919e-06
        },
        "p2": {
          "value": 0.00013021366721696764,
          "error": 0.00010247124956966042
        },
        "p1": {
          "value": -0.0024280427236857698,
          "error": 0.0005132272698071965
        },
        "p0": {
          "value": 0.02170119374434489,
          "error": 0.0007460804915491752
        }
      },
      "sigma_cov_matrix": [
        [
          3.8079457027730515e-11,
          -6.264634209113909e-10,
          3.0203667882703814e-09,
          -3.9458733613539534e-09
        ],
        [
          -6.264634209113908e-10,
          1.0500356988367631e-08,
          -5.179377977631037e-08,
          6.952737680071045e-08
        ],
        [
          3.0203667882703806e-09,
          -5.1793779776310354e-08,
          2.6340223047374895e-07,
          -3.687359363761603e-07
        ],
        [
          -3.945873361353947e-09,
          6.952737680071037e-08,
          -3.6873593637616e-07,
          5.566360998702589e-07
        ]
      ],
      "p_range": {
        "min": 0.33,
        "max": 10.89
      },
      "n_slices_fitted": 49
    },
    "S3": {
      "sector": 3,
      "mu_poly_coeffs": {
        "p3": {
          "value": 3.0514109522156477e-05,
          "error": 1.421738287036548e-05
        },
        "p2": {
          "value": -0.0011714282179771318,
          "error": 0.00023863962557986698
        },
        "p1": {
          "value": 0.008797653933844156,
          "error": 0.001214079116197218
        },
        "p0": {
          "value": 0.22691214987381614,
          "error": 0.0018128382301271426
        }
      },
      "mu_cov_matrix": [
        [
          2.0213397568256181e-10,
          -3.3616453844936607e-09,
          1.6464016033457037e-08,
          -2.209831582002876e-08
        ],
        [
          -3.361645384493647e-09,
          5.694887089689911e-08,
          -2.8533611708773253e-07,
          3.9367075475167635e-07
        ],
        [
          1.6464016033456865e-08,
          -2.853361170877308e-07,
          1.4739881003862176e-06,
          -2.121040589900798e-06
        ],
        [
          -2.2098315820028318e-08,
          3.936707547516703e-07,
          -2.121040589900779e-06,
          3.2863824486105107e-06
        ]
      ],
      "sigma_poly_coeffs": {
        "p3": {
          "value": -1.982932976770492e-05,
          "error": 5.489540502994022e-06
        },
        "p2": {
          "value": 0.0004742717092085994,
          "error": 9.222703581003762e-05
        },
        "p1": {
          "value": -0.004301838292791167,
          "error": 0.00047003888744326014
        },
        "p0": {
          "value": 0.024234524008278028,
          "error": 0.0007033183573339004
        }
      },
      "sigma_cov_matrix": [
        [
          3.013505493401186e-11,
          -5.016117543673774e-10,
          2.4610752276311226e-09,
          -3.311912703884592e-09
        ],
        [
          -5.016117543673766e-10,
          8.505826134305962e-09,
          -4.269474885351825e-08,
          5.9055091412757283e-08
        ],
        [
          2.4610752276311173e-09,
          -4.2694748853518194e-08,
          2.2093655570889777e-07,
          -3.186667722780968e-07
        ],
        [
          -3.3119127038845804e-09,
          5.9055091412757164e-08,
          -3.1866677227809656e-07,
          4.946567117628561e-07
        ]
      ],
      "p_range": {
        "min": 0.33,
        "max": 10.89
      },
      "n_slices_fitted": 49
    },
    "S4": {
      "sector": 4,
      "mu_poly_coeffs": {
        "p3": {
          "value": 1.5572896486637545e-05,
          "error": 1.6728493592945637e-05
        },
        "p2": {
          "value": -0.0008022669415616683,
          "error": 0.0002794565826673421
        },
        "p1": {
          "value": 0.006786554222654998,
          "error": 0.0014120983022280309
        },
        "p0": {
          "value": 0.2288869631005138,
          "error": 0.0020886623328552375
        }
      },